RegionID,SizeRank,RegionName,RegionType,StateName,State,City,Metro,CountyName,1/31/00,2/29/00,3/31/00,4/30/00,5/31/00,6/30/00,7/31/00,8/31/00,9/30/00,10/31/00,11/30/00,12/31/00,1/31/01,2/28/01,3/31/01,4/30/01,5/31/01,6/30/01,7/31/01,8/31/01,9/30/01,10/31/01,11/30/01,12/31/01,1/31/02,2/28/02,3/31/02,4/30/02,5/31/02,6/30/02,7/31/02,8/31/02,9/30/02,10/31/02,11/30/02,12/31/02,1/31/03,2/28/03,3/31/03,4/30/03,5/31/03,6/30/03,7/31/03,8/31/03,9/30/03,10/31/03,11/30/03,12/31/03,1/31/04,2/29/04,3/31/04,4/30/04,5/31/04,6/30/04,7/31/04,8/31/04,9/30/04,10/31/04,11/30/04,12/31/04,1/31/05,2/28/05,3/31/05,4/30/05,5/31/05,6/30/05,7/31/05,8/31/05,9/30/05,10/31/05,11/30/05,12/31/05,1/31/06,2/28/06,3/31/06,4/30/06,5/31/06,6/30/06,7/31/06,8/31/06,9/30/06,10/31/06,11/30/06,12/31/06,1/31/07,2/28/07,3/31/07,4/30/07,5/31/07,6/30/07,7/31/07,8/31/07,9/30/07,10/31/07,11/30/07,12/31/07,1/31/08,2/29/08,3/31/08,4/30/08,5/31/08,6/30/08,7/31/08,8/31/08,9/30/08,10/31/08,11/30/08,12/31/08,1/31/09,2/28/09,3/31/09,4/30/09,5/31/09,6/30/09,7/31/09,8/31/09,9/30/09,10/31/09,11/30/09,12/31/09,1/31/10,2/28/10,3/31/10,4/30/10,5/31/10,6/30/10,7/31/10,8/31/10,9/30/10,10/31/10,11/30/10,12/31/10,1/31/11,2/28/11,3/31/11,4/30/11,5/31/11,6/30/11,7/31/11,8/31/11,9/30/11,10/31/11,11/30/11,12/31/11,1/31/12,2/29/12,3/31/12,4/30/12,5/31/12,6/30/12,7/31/12,8/31/12,9/30/12,10/31/12,11/30/12,12/31/12,1/31/13,2/28/13,3/31/13,4/30/13,5/31/13,6/30/13,7/31/13,8/31/13,9/30/13,10/31/13,11/30/13,12/31/13,1/31/14,2/28/14,3/31/14,4/30/14,5/31/14,6/30/14,7/31/14,8/31/14,9/30/14,10/31/14,11/30/14,12/31/14,1/31/15,2/28/15,3/31/15,4/30/15,5/31/15,6/30/15,7/31/15,8/31/15,9/30/15,10/31/15,11/30/15,12/31/15,1/31/16,2/29/16,3/31/16,4/30/16,5/31/16,6/30/16,7/31/16,8/31/16,9/30/16,10/31/16,11/30/16,12/31/16,1/31/17,2/28/17,3/31/17,4/30/17,5/31/17,6/30/17,7/31/17,8/31/17,9/30/17,10/31/17,11/30/17,12/31/17,1/31/18,2/28/18,3/31/18,4/30/18,5/31/18,6/30/18,7/31/18,8/31/18,9/30/18,10/31/18,11/30/18,12/31/18,1/31/19,2/28/19,3/31/19,4/30/19,5/31/19,6/30/19,7/31/19,8/31/19,9/30/19,10/31/19,11/30/19,12/31/19,1/31/20,2/29/20,3/31/20,4/30/20,5/31/20,6/30/20,7/31/20,8/31/20,9/30/20,10/31/20,11/30/20,12/31/20,1/31/21,2/28/21,3/31/21,4/30/21,5/31/21,6/30/21,7/31/21,8/31/21,9/30/21,10/31/21,11/30/21,12/31/21,1/31/22,2/28/22,3/31/22,4/30/22,5/31/22,6/30/22,7/31/22,8/31/22,9/30/22,10/31/22,11/30/22,12/31/22,1/31/23,2/28/23,3/31/23,4/30/23,5/31/23,6/30/23,7/31/23,8/31/23,9/30/23,10/31/23,11/30/23,12/31/23,1/31/24,2/29/24,3/31/24,4/30/24,5/31/24,6/30/24,7/31/24,8/31/24,9/30/24,10/31/24,11/30/24,12/31/24,1/31/25,2/28/25,3/31/25,4/30/25,5/31/25,6/30/25,7/31/25,8/31/25,9/30/25
66126,174,20002,zip,DC,DC,Washington,"Washington-Arlington-Alexandria, DC-VA-MD-WV",District of Columbia,143758.8208,144499.2132,145081.1263,146120.1361,147805.8277,149966.5101,152301.1021,153583.5406,154465.8584,154719.0124,155038.784,155535.9096,156319.3859,157018.3772,157855.6739,158936.8168,160130.6333,161441.9211,162963.6862,165100.4544,166838.1594,168819.5503,170668.1962,172469.7757,173836.8878,174766.0785,175889.0874,177503.5678,179720.3263,182034.8973,184908.6613,187798.4802,190938.5572,193840.942,197241.8058,201138.8069,204868.3596,208496.2571,211589.838,214732.7021,217934.7939,221352.5921,224714.1835,228100.333,231496.3658,235526.1318,238860.3091,241912.2875,244807.4711,247744.6305,251328.6396,255304.0893,260345.1222,265733.0047,271772.4981,277557.7185,284176.4561,291520.1282,298811.0591,304102.0892,306569.5914,310048.4654,315104.6072,322027.1208,328177.2736,334107.7053,341160.1205,349281.9604,356771.7369,362514.675,367122.947,371523.976,375913.5731,379365.7273,383107.6131,386312.7359,389012.8464,390186.2422,389900.7377,389351.2016,388763.2601,387549.4924,385878.0171,383522.4142,382131.9587,381899.1021,382855.5765,383941.4401,384522.4236,385182.927,385565.7084,386397.1606,386218.7662,386157.2627,384824.0682,383507.4308,382089.1396,380856.3823,378834.5282,376661.5307,374257.1835,372247.2549,369181.2651,365481.2247,362565.0174,361038.452,359331.4809,356247.248,353230.7884,351971.615,351144.0073,349661.1565,347254.7291,345116.5265,342485.4479,339833.6266,337047.17,335048.86,335606.8757,339009.5105,342165.2204,343081.3851,342318.0967,343335.9115,346676.7994,351267.374,354830.9462,357141.961,357224.0358,355679.9442,352997.1931,351139.273,348947.8314,346873.7705,345030.7689,344960.1361,345178.9402,345662.8938,346352.2434,347253.927,348064.2179,348780.4584,349816.4046,350479.74,352571.4262,354950.0965,357188.5963,357903.7512,359158.4697,361679.3673,365586.8454,370314.2372,376356.4602,382994.8221,389777.9813,396254.5948,401864.1592,406488.8364,409102.4377,411430.3391,415621.6949,422165.7451,429875.6465,437166.3119,445035.9811,452820.9842,459418.574,464181.7118,467519.3413,471516.6537,475642.4434,480639.2139,485299.0263,489386.8386,494248.8782,498983.7026,503539.9427,506881.6835,509577.6394,512135.0887,513887.115,515689.247,516800.5768,518745.4235,520604.2954,523679.8567,527941.5718,533342.6645,540417.4134,547177.847,552809.9983,556611.5765,558859.0063,560699.2534,561386.6369,561671.1012,561184.675,560349.1735,559423.8244,559438.2193,559708.1826,561382.6313,564809.1699,569830.3626,573691.7449,576339.6205,578341.8752,581256.3704,583076.2753,585143.4218,586913.0166,588361.6211,589705.4473,590361.3378,591524.7358,593255.7423,598171.6083,605389.0354,613769.9763,619645.832,623636.9987,625103.8034,626261.7583,627517.4145,630055.4663,633081.9873,636665.1324,638730.4955,640513.4706,641463.5306,644644.377,647744.1894,649184.0444,648096.0682,646777.3359,645954.1379,646280.8813,647053.2717,648996.6695,650936.5378,654515.4446,659365.1473,665411.2979,671327.2226,674214.2734,674358.7782,673710.6102,675256.6569,679305.4325,683613.5018,688512.2914,691990.0419,693509.5726,694672.9202,697667.7287,702665.4943,708650.8571,714584.7107,717447.3874,716634.7029,713410.1475,711060.2522,709717.0772,708191.7743,707673.2884,710250.4552,717131.0967,724536.0932,729004.177,728948.5158,724227.1274,716751.0116,707269.4666,700469.7329,695478.3808,691302.0439,686916.9131,683620.9721,681246.0507,679689.3574,678357.7091,678391.6479,679285.1283,679985.9533,679557.1414,677484.1116,673985.9182,669873.0159,666142.2657,664841.9585,665354.0587,665500.3598,663647.9791,659262.2083,655605.3263,652414.0692,651847.533,651271.0732,650114.2316,648696.1873,646431.6578,644674.9762,641098.2929,636890.2546,631192.6576,625388.9538,621538.1099,619047.4082,618260.8705
66135,277,20011,zip,DC,DC,Washington,"Washington-Arlington-Alexandria, DC-VA-MD-WV",District of Columbia,155266.4491,155149.2558,155440.6121,156294.5473,157939.8489,160116.9962,162182.5876,163677.786,164505.3715,164173.8678,163727.7093,163189.5039,163252.0884,163397.3822,163932.3546,165126.1988,166516.05,167818.7518,169367.4724,170999.907,172701.7657,173996.3789,175329.394,177034.8436,178699.2703,180628.2017,181925.9348,183541.8953,185089.255,187351.346,189469.8674,190914.8886,192256.6296,194491.5508,198227.3393,202004.8867,205231.3532,207905.3789,210934.8151,214447.7155,218221.0772,221717.068,224644.1573,227578.4519,230404.7462,233462.9499,235736.6297,237263.6146,239048.213,241404.0142,244516.4567,247704.3296,251789.6765,257069.8747,263513.1772,269063.35,274426.8205,280283.588,286563.9345,291897.8802,295078.0091,299141.0798,304408.3078,311109.3976,316884.2576,322209.7781,327931.9296,334501.2622,341415.0421,347202.0992,352328.7523,357773.8502,363581.9148,368643.3964,372881.8972,376373.3323,379630.3992,381681.9614,382746.6983,383991.4932,384870.7873,384851.1152,383803.0135,383099.8874,383665.8961,385510.6351,387298.6628,388643.9121,389255.5532,389212.7385,388925.8349,388088.3587,387471.2492,387117.3271,386993.836,385806.7797,383496.7598,380293.5887,376724.9289,373037.6853,369903.437,367126.7851,363998.2413,359942.3157,355983.4451,353148.675,350915.6805,348203.8935,346155.889,344525.8372,342856.0509,339631.0438,335076.4831,331175.0093,327536.2859,325052.8483,321923.9739,318132.7564,316695.059,318389.0244,320236.1036,319272.5922,317391.0718,317915.7417,321245.0367,324772.8823,327208.6754,328852.1074,329073.7942,329290.403,328471.2815,329057.224,328040.3465,326757.3192,324346.8183,323055.8094,321431.029,319730.5943,318391.479,317196.1095,316346.0612,314845.4119,313196.6809,311732.5941,312214.0539,313806.1727,315514.0387,316368.8803,317431.0163,318971.5817,321249.7073,324697.2954,330562.2504,337441.668,343728.4027,348654.7873,352414.8291,356035.5611,358115.5064,360524.242,364256.4503,369884.7877,376159.4983,382364.5363,390072.8,398504.618,405776.2901,411141.4289,415053.5703,418779.7462,421663.5721,425091.4847,429393.2532,434382.8254,439594.8464,443573.2504,447378.1933,450569.4247,453883.3735,456857.6401,458519.7146,460435.9923,461427.584,463562.3383,464931.7881,467821.4317,471460.8778,475748.3663,480515.6299,485039.9488,488983.6011,491966.172,494390.5087,497768.007,499821.3812,501242.1073,502742.78,505509.0849,508004.8065,509457.2449,511041.4543,514187.0127,518808.0393,523174.9948,526036.0273,527888.1124,529440.7383,531036.0794,532298.0306,534189.5864,536601.9602,538185.008,539114.6856,539472.1141,540892.5797,543296.2602,548358.6536,554331.759,561601.871,566839.0651,571576.9887,574200.927,576747.6775,578604.4138,580363.779,581812.6394,583727.232,584266.102,584585.7512,584845.9371,587870.742,591841.5297,594366.5622,594884.4647,594919.8156,595299.5521,596158.9374,597127.8574,598559.7656,599589.7892,601207.5466,604103.9596,609367.8316,616020.9203,619663.5682,620325.4101,620656.7224,624858.4212,631869.3598,639012.5342,646615.7181,653420.343,658900.2236,664111.0471,670436.1886,678008.706,686357.012,694702.4557,698526.552,697265.4216,691770.6681,687627.9743,684024.3611,681156.6177,682848.2477,691295.4211,706006.7491,719161.544,726998.7964,728076.4708,723210.4964,714694.2709,704151.3785,696463.3925,690886.7098,686906.8863,683297.3146,680629.8293,678401.5977,676669.5848,674790.878,674007.3507,674334.1002,675440.0039,676133.9288,675547.3962,673174.2554,670432.618,666919.9195,665331.5061,665569.3304,666621.639,666497.3612,663151.0335,659106.4466,654347.9007,652502.7674,650933.8294,649578.1349,648082.4964,645411.7753,643398.3532,639173.9182,635178.4118,629882.0777,624525.306,620290.5637,617211.9222,616076.3157
66142,347,20019,zip,DC,DC,Washington,"Washington-Arlington-Alexandria, DC-VA-MD-WV",District of Columbia,102832.8309,102782.2854,102684.7598,102754.5672,102754.9024,103206.6022,103807.9571,104499.2937,105624.0805,106409.0643,107299.8942,107176.9719,107286.3275,107260.6521,107819.7514,108773.7864,110163.0185,111480.5586,112617.3077,113804.3995,115084.0487,116400.9491,117493.7245,118490.1795,119297.8681,120172.096,120979.4588,121843.1387,122526.3306,123247.7806,123781.8363,124252.0371,124721.1904,125372.9679,126256.187,127100.0621,127925.2398,128764.2426,129726.8718,130594.7073,131561.8062,132714.0388,134607.6616,136782.7423,138972.1097,141091.7451,142892.0287,144421.7309,145927.2988,147607.0381,149408.5331,150870.2448,152410.1594,154733.6132,157574.8125,160679.4686,164274.1107,168251.51,171853.3057,174237.1698,175738.3881,178328.0615,181875.3456,186481.9865,190327.3295,193786.2475,197401.9138,201492.457,205263.8768,208450.0491,211741.4428,215127.3452,217929.883,220300.2587,223458.3941,227790.0986,231756.4063,235167.2756,237352.2399,239249.9638,240668.0156,241596.5987,242356.9296,242720.7288,243508.042,244796.8057,246394.2482,247971.4102,249601.2465,250516.1231,251168.6954,251324.45,251918.6252,252763.0864,253636.8458,254132.868,254227.3269,253227.0534,251797.7216,249520.3887,247566.8459,245601.9825,243816.5805,241670.7367,239397.5149,237475.1915,235262.9052,232768.1119,228660.8695,224925.9709,221519.9388,219405.2031,216486.1685,213242.4491,209290.3042,205049.8719,201296.9435,197933.3532,196730.8926,197392.1969,199869.6644,201173.2796,200695.7841,198716.1413,197697.9101,196328.1076,194859.7695,192630.8655,189422.0424,186143.5402,182944.0123,181671.3429,180294.1605,179493.6437,177736.7037,176037.7267,173468.3964,170779.6668,168163.6209,165910.7026,164118.8764,162244.3227,159922.4219,157740.9182,156459.548,155954.4051,155712.023,155577.576,156075.34,156611.6371,157251.8758,157909.3999,158938.3986,159805.4897,160226.5931,160695.3524,161047.1439,161581.1709,161846.9872,162647.1674,165314.5722,169524.2237,173682.3352,177129.9273,179958.0399,182978.4344,185264.2354,186793.4377,187374.9103,187843.1899,189121.6509,191655.7684,195585.2931,199591.1932,203201.7277,206172.7611,208529.6653,211275.0485,214086.8928,217181.3842,218653.8622,218904.9369,218474.8572,219685.0912,221792.425,224413.5691,226976.9438,229507.8759,232436.1156,235399.7012,238431.9782,240521.4668,242095.4981,243589.4911,245369.055,247253.9416,248892.4712,250930.2108,252717.7663,254474.9657,255926.9495,257785.6585,260549.4774,262856.0581,265066.865,266247.7296,267671.1797,269223.7227,270991.1838,273564.5235,276013.2133,278703.2314,281435.8379,284049.9284,286724.6078,289145.956,292382.4373,296089.3079,299998.9238,303209.4535,305746.4197,308362.7206,311201.2347,314665.7523,318048.7409,321054.77,323767.621,325409.5591,326469.1316,326856.4346,328063.6328,329936.4679,331293.8181,332403.1248,333670.7589,335636.9855,337496.7688,339308.8957,341777.1806,344969.5601,348606.0773,351832.8477,354627.1325,358007.8439,360372.5899,362142.5659,363724.6263,367063.9737,372116.1117,377226.4333,382473.1325,387262.2746,392210.0589,397508.3456,402803.5473,407213.6573,410251.6102,412376.9919,411965.249,409195.5131,405402.5299,402463.5243,400027.273,397714.2785,398025.2237,401856.4674,408757.102,414728.021,418485.2863,419197.1412,417570.6537,414560.251,410333.3909,406899.7466,403645.8151,401356.6316,399143.1944,397466.4536,396126.0203,395808.8615,396404.3252,397667.1206,399060.3582,400377.2708,400076.3358,398257.7447,394753.6794,392516.5116,390894.4896,391012.1817,390989.2533,391244.5684,390614.2763,388621.7982,386369.7177,384540.9141,384033.9988,383834.2183,383040.66,382416.638,381052.2743,379688.3645,377113.2032,374413.5824,371435.2624,368832.1089,367305.1208,365581.7064,363698.5711
66143,649,20020,zip,DC,DC,Washington,"Washington-Arlington-Alexandria, DC-VA-MD-WV",District of Columbia,115353.3562,115551.7299,115951.1699,116628.5627,117034.3428,117197.6804,117622.9928,118154.7742,118518.9216,118289.0905,118074.3533,117985.1756,118288.622,118717.6684,119566.1546,120659.7791,121827.3694,122810.6472,123625.9557,124410.3397,125117.6907,125534.4448,125977.4518,126388.6284,127278.3608,128061.973,128739.8122,129232.556,130420.5417,132092.274,133692.9455,134723.22,135751.2367,137037.5817,139008.0605,141109.2579,143246.0925,145167.7661,146464.7409,147614.5022,148091.8663,148845.2848,150185.4325,151813.5203,153733.2447,155310.9941,156482.4848,157425.7892,158499.1594,160143.6046,161982.1693,163484.7372,165086.0016,167010.3639,169380.7069,171640.7793,174514.3686,178391.3553,182609.9783,186133.8349,188397.1738,191610.5935,195625.4061,200522.0755,204377.4674,207738.6969,211414.5374,215788.8141,219572.4473,222881.9269,226455.5415,230500.7141,234529.1879,237765.0556,242342.8911,247704.9818,253159.5173,257285.8225,259919.1462,261851.0194,263098.9974,263747.52,264470.4575,265747.6896,267898.5765,270788.8716,272934.3088,274654.5133,275981.6236,276738.2146,276900.2829,276851.6225,277311.9337,277851.0328,277548.5167,276272.6482,275178.4967,274719.6971,275046.4589,275029.1099,274764.2858,274085.2585,272607.7202,269466.925,265527.5619,262527.0038,260066.4272,257544.8012,254900.4418,252385.8607,249695.8814,246251.8499,243136.6733,241116.183,239229.1602,235537.2099,231385.7533,227060.8075,225116.786,224240.897,224803.0367,225300.9665,225629.7891,224923.1771,223990.5449,221771.8967,218616.304,215609.0209,212544.9449,209913.3043,206019.9098,203263.8206,199946.0033,197460.5876,193750.8152,190191.4968,186510.1684,183553.3698,181370.1408,179342.1401,177756.9318,176032.15,174593.5859,173336.014,173417.1001,172981.9791,171438.7171,168848.8447,167499.5965,167318.0776,167834.526,168498.8299,169940.2168,171240.2828,172497.0622,174342.2914,176442.2504,178623.1611,179624.22,181249.5112,183698.6526,187764.8163,191925.1888,196033.0654,200125.1386,203984.9171,206875.636,208232.0297,208524.568,209361.6912,210946.5535,213457.3097,216332.8007,219010.1236,222101.1427,224938.6504,227356.3926,229334.4305,231087.1794,233128.9716,233932.4461,234222.7921,234411.8853,235933.6357,237362.5506,238754.7424,240544.8245,243127.484,246180.2196,248796.4739,250960.8844,252191.6189,253357.9056,254608.9289,256125.4262,258016.5573,259645.1354,261936.6527,263463.4865,265347.5187,266687.4862,268789.0466,272064.9318,275346.5931,277973.5988,279134.7682,280327.4909,281922.6737,283747.6285,285250.5757,286434.4703,287427.7708,289144.013,290595.3252,292111.2541,293686.6405,296338.8966,299730.9339,303781.2677,307659.1495,310988.0777,313572.4418,316403.6607,319410.1695,322416.4982,324991.3933,328051.7826,330928.9927,332814.5378,333702.972,334945.9881,337222.5414,338953.0383,339629.8226,340144.9,341078.0638,342571.7285,343885.008,345732.9698,348035.8556,350667.5681,353755.4402,357374.2961,361966.5084,365409.2436,367576.1479,369245.105,372418.8598,376717.3155,381222.3109,386169.8306,391175.9095,395894.3402,400153.3147,404703.2396,409122.2189,413407.7081,416450.0095,416929.19,414250.4486,410424.0582,407562.3952,405399.1488,403295.7572,403971.0066,408556.2346,416926.5806,423844.6582,428312.7019,429268.5664,427559.4477,424310.966,419859.4913,416169.4105,412756.4132,410118.4499,408352.1018,407098.4834,406016.1916,405842.3096,406680.3756,408239.5695,409758.4646,410801.5829,410730.7284,409050.3833,405986.2286,403751.1873,401659.6289,401058.7443,400693.1492,400743.6996,400074.9142,397583.6463,395218.7461,393331.8676,393368.5916,393560.879,392591.2118,391580.8107,390060.8809,388701.4375,385896.1407,382124.696,377983.8664,374279.859,372001.5997,370081.9576,368430.0718
66133,874,20009,zip,DC,DC,Washington,"Washington-Arlington-Alexandria, DC-VA-MD-WV",District of Columbia,165889.5956,166754.6331,168085.7355,170930.601,174157.9661,177453.7368,180300.9497,183131.9943,185470.4946,187123.8187,188610.7701,190232.4458,192267.976,193958.0721,195847.3169,198309.4029,201420.6872,204922.3513,208638.1778,212739.2869,216698.2719,220803.3046,224671.9444,228407.2923,231785.4611,235132.256,238648.1506,242477.814,246218.4362,250111.3525,253643.7087,257310.5153,260994.8379,265240.7672,270038.2343,275082.9901,279232.5882,282806.8608,285617.2291,288908.8884,292211.0789,295352.9727,297947.8351,300034.1163,302220.7521,305566.9798,308836.333,312104.52,314996.6406,318174.4343,321871.8968,325858.3424,330682.6983,336240.7157,342569.7442,348777.5019,356021.379,364722.7553,373431.5128,379903.5662,382978.6317,386690.6681,391588.3818,398379.7531,403684.7522,408419.6168,412916.5142,418615.905,423951.4373,428223.3175,432014.82,435325.5892,438509.0168,440961.7164,443106.3014,444608.6864,445068.4823,444138.5873,441510.7198,438194.3888,435397.0121,432922.7001,430596.3942,428491.9286,427368.6462,428091.1984,428876.656,429572.602,429249.2901,428844.781,428779.5192,429119.6577,430324.8223,432153.3076,433987.3278,435133.9128,436155.9462,437605.4083,438715.144,439050.4478,438457.4017,437374.734,434587.2712,431781.8669,429507.4102,429059.3275,427659.2898,426155.8652,426947.0844,429446.1568,431039.6622,429712.2166,426691.8532,425010.1273,423547.6636,422602.4563,421512.0971,419621.2689,418052.2945,417566.3112,418368.024,419341.1647,420589.3038,423629.7321,428991.5186,434323.6989,437262.6285,438078.8759,436202.1727,433650.2052,430466.8353,429163.5904,428941.8511,429878.0377,430971.7542,431266.2195,431210.4931,430987.9456,431647.2981,431751.9852,432275.4876,432697.0982,433597.9426,433513.6307,433581.5508,433118.3015,432510.1127,431717.0001,431610.2379,432691.8818,435018.5658,437729.8409,441436.5918,445699.5865,451270.4001,457079.151,462006.9268,465390.4896,466823.0954,467833.5406,469340.9999,471552.8316,473468.6101,475583.7438,478887.698,483974.8743,488809.6872,492694.5308,494915.2127,497628.857,499991.9633,502417.5644,503318.0857,503338.1014,503395.1116,503755.9903,504760.9642,506281.1107,508696.8062,511641.3679,513227.9328,513281.1794,512450.6489,511709.5999,511711.4872,512475.9821,514674.9692,517410.452,520555.1703,523755.5401,526910.8495,529308.2878,530540.5089,531221.8448,532215.8679,533131.7309,533658.6838,533088.9109,532609.1621,532702.6474,532742.8198,533255.0078,535298.814,538842.7092,541491.0325,542667.7234,542479.1184,543616.9363,544137.1408,545857.1944,547179.8034,548452.0097,549822.569,550651.8905,551470.4543,552452.5524,554502.0031,557356.5435,560502.7449,563197.736,565852.8214,566665.0729,567025.2773,566594.0281,566572.8486,566599.9161,567335.5453,568296.9338,569084.3555,568694.146,568593.9173,569263.9724,570536.7869,571442.931,571927.3693,571815.4696,571023.4936,570145.251,569836.9643,570374.8699,572651.0844,576092.6978,580425.7994,583185.5015,584582.8208,583809.3246,583446.2688,583653.5725,585830.1897,587604.8111,589151.0959,589426.5458,588795.6414,587592.5021,587416.9918,588503.7368,590931.6468,593270.5656,595213.8719,595775.7758,595177.9028,595515.0631,597552.0878,600124.6884,600998.0705,601350.5922,602898.6644,604940.2677,606020.1733,605273.2574,601903.4053,596781.9857,590339.2497,586041.2194,583008.7707,581324.5373,579504.616,578521.6071,577695.6884,577370.2743,578018.0692,580059.6631,583585.4928,587468.3252,590616.0875,592355.7164,592237.5683,591211.5336,590277.0361,590145.7842,590793.1919,591511.5396,591430.3132,589411.3425,587425.6718,585888.8911,587045.1012,588151.5001,588604.8879,588860.8657,589526.0224,591190.5749,590908.6596,589376.5055,586037.5266,582725.7892,579891.6269,578656.1027,578906.3129
66125,1281,20001,zip,DC,DC,Washington,"Washington-Arlington-Alexandria, DC-VA-MD-WV",District of Columbia,152793.9122,153157.2965,153360.9641,154323.7478,155195.4995,156287.6507,157312.8256,158406.4913,159616.3647,160168.4575,161003.6214,162297.5369,163666.2686,164534.9746,164918.5053,165938.7582,167698.1395,169920.0249,171129.7901,172333.9701,172735.8723,173485.3131,174278.3511,176078.0818,178812.0135,181644.3187,184719.9367,189110.5023,193062.3028,196326.7295,199562.6239,204559.7948,210219.0995,215952.5333,221341.062,226990.4774,230398.365,232527.2149,234914.258,240785.3111,250247.3476,260673.6689,267982.7388,274016.5795,280015.0523,287560.3115,293701.8329,299700.5281,306017.959,310959.3334,315006.4666,318274.9211,324036.7179,330427.1435,337279.5243,342166.3747,347248.8759,354637.2162,363028.4889,370171.5387,373277.937,377363.2577,382103.034,389968.0285,397491.0617,405546.5432,413172.5708,421891.8506,430051.4622,437305.7028,442508.2712,447541.1787,452649.0685,458081.4833,462555.968,465448.7264,466894.9052,466966.2355,465079.5972,463447.4744,462195.7765,460683.276,456884.541,453013.9471,450132.2418,450194.9462,450701.3348,451158.3713,450635.6272,450195.0882,450551.8784,450797.6815,450725.2233,451395.2781,452052.3397,452325.9925,452011.2473,452131.8999,450715.8991,448590.4454,446040.678,445235.0208,444046.994,441843.001,439705.0059,438939.4198,438349.6499,437568.6477,440965.6161,446626.5138,451489.7614,449904.9529,445794.8845,442639.0703,440656.4196,439155.3713,437808.4245,436222.6204,434575.3957,434544.4186,435008.6057,435878.7391,435879.3843,438581.6338,443975.4583,449623.559,452638.673,454631.9282,454819.38,453567.274,450656.9138,448992.1123,447929.9288,447796.6636,447921.6196,449061.7339,450447.7777,452102.6042,454397.0941,455862.1282,457173.2242,458813.4916,461837.2188,464164.4717,464950.1342,464387.0577,464262.2339,465923.7663,469092.3285,472860.6417,477294.6791,482086.8712,487617.4614,493526.2037,500684.2981,508511.92,514932.7906,519135.7271,522521.5198,526914.5416,533128.0257,540365.6807,548302.8263,555784.9996,563928.9747,571602.9889,578907.7718,584879.4563,588991.7324,593279.0752,597724.1956,604698.625,611446.2249,616753.2156,620601.0421,623335.0866,625945.364,628436.935,632135.4428,637068.9237,641445.6736,644487.2726,646741.5614,650213.3515,654991.2912,660477.3888,666365.5255,671595.4829,677133.9902,681284.8193,685151.1341,687836.5575,689017.3182,689640.9322,690219.0421,691997.8089,693524.8552,693796.102,693197.0369,693679.5425,694105.6131,695976.9084,699523.4905,704410.699,708668.0221,712202.9761,715168.6259,717998.5722,717086.5177,717367.1661,718804.6006,720660.7863,721523.715,721494.017,723074.8501,726099.8131,731578.0259,736879.6402,736106.4614,728270.2688,718823.4563,711129.7209,706721.6977,702714.3146,701519.5894,701174.3371,702020.016,701797.1196,701141.5701,699650.0646,700597.1295,702455.5309,703758.8727,702153.1967,699873.533,697968.4222,696360.1422,695481.6732,694299.0346,693472.9604,692655.1531,693635.9751,696046.8734,699104.8978,701155.7258,701960.2722,702500.282,703552.8764,705948.8885,707509.5487,709161.7626,709561.4904,708702.7735,707156.8624,707400.2468,710424.908,715166.0451,719007.8327,721182.4595,721275.8477,720149.7886,719473.2074,720038.6855,720739.1027,720840.809,721671.9486,726111.1545,731544.1263,735140.1962,734714.7249,730528.633,723826.3176,714670.7975,707150.1079,700824.8885,695942.0024,690585.1104,686434.0961,684058.8996,683803.2212,684610.7462,686043.0693,688322.7741,690924.4866,692788.1536,692722.1527,690398.8333,686993.1045,683360.1448,681661.5005,681546.5817,682640.1712,682158.0287,678838.694,674801.3786,671084.4278,670146.1352,669033.3081,667413.3449,665750.7485,664067.8734,662780.3172,660070.6449,657753.0656,654869.5377,651384.8627,648131.0026,645791.487,645104.1997
66151,2047,20032,zip,DC,DC,Washington,"Washington-Arlington-Alexandria, DC-VA-MD-WV",District of Columbia,96449.57594,96547.48809,96084.63245,95464.12396,94819.3458,94585.74162,95245.77334,96609.15255,97997.85008,98707.26,98348.7881,98047.51808,97533.83725,97562.7248,97999.42507,98857.34868,100010.6718,101280.5738,102811.1542,103919.7373,104909.119,105788.6003,106645.9422,107259.1478,107799.8674,108306.1536,108266.4375,108180.1804,108325.8644,109269.8943,110487.5013,111818.0804,113060.1129,113842.8228,114801.1716,115748.3284,116650.4963,117361.3187,117978.0542,118545.7009,118951.2226,119494.2145,120889.251,122457.1787,124327.2168,126125.2341,126892.7972,126840.7212,126718.4158,127437.7676,129209.1314,130709.3861,132453.5194,134476.4628,136822.9458,139136.9708,141138.6961,143208.646,145513.2868,147351.8959,148743.9294,150456.0375,152289.8673,154328.9684,155896.6386,158142.1386,161505.6925,166072.9539,170648.5453,174654.0491,177949.261,180461.9913,182676.3235,185180.1291,188456.1625,191802.307,194482.9577,196791.0519,198839.4078,202159.516,205616.2207,209015.6011,210970.7329,212444.6064,213726.7123,215201.2788,216351.8712,217189.7891,217873.4313,218173.7302,218511.0038,218118.0014,217647.5489,217053.2081,216885.9031,217155.4958,217182.6372,216840.3375,216841.5055,216992.9101,217376.9053,217193.0496,216280.1671,213609.0978,209823.8137,206536.0198,204589.5615,202572.047,199520.1103,196120.3173,192264.2011,188676.8963,185885.5452,183049.5084,179210.9301,174471.3589,171662.4358,170955.0697,170444.1757,170124.532,170660.7231,172605.8703,172675.3479,170903.4269,167792.6715,167107.2235,166430.8765,166585.9799,164671.8699,163697.2322,162019.8265,161410.0634,159507.7218,157499.2232,155188.7532,153083.2966,149290.7824,145142.1244,141486.2816,139793.332,139207.2961,138364.5572,137139.7069,134799.9548,132869.0124,130976.4171,129776.1961,128985.547,128943.0303,128673.8852,128544.3755,128086.9788,127691.0415,126669.2852,126225.2646,126701.9555,128389.0894,129698.422,130931.9565,132201.7667,134048.0979,136134.4611,138000.9146,140266.1917,142664.7846,145217.5667,147358.7567,148777.3307,149056.3124,148807.9118,149411.659,151938.2921,155715.8594,159262.5491,162910.7224,165930.204,168354.6374,169589.936,171039.4284,173312.3032,175160.7037,176710.8263,178121.5261,181287.0902,184785.0029,188102.8174,190985.2329,194169.1698,197411.6575,199749.0499,201340.4499,201788.1268,202469.5539,202991.5567,204362.9155,205905.5865,207534.2868,209241.5806,210851.001,212709.3127,214257.6307,215807.2466,218251.5741,221137.321,224652.7145,227188.8051,229834.2164,232197.0049,233997.3334,235505.637,236662.2967,238258.8577,240092.6631,241965.9335,244255.798,247238.2814,251462.4251,256699.8589,261654.7142,265624.9249,269055.3118,271818.5763,274643.2295,277071.4469,280027.9495,282646.589,285769.9734,288437.7799,290941.7133,292792.3618,294662.2395,296683.9155,298031.6921,299160.5289,300324.425,301385.69,302283.4891,303469.1343,305730.3611,309160.9803,311675.8988,314284.0836,317003.3555,320807.5163,324033.2472,326170.0586,328784.4443,332272.7986,336427.4318,340680.8009,345264.6588,350012.7068,354499.3483,358873.0978,363623.9251,368104.6855,371703.341,373606.9833,373140.2104,370119.1907,366860.5014,364207.1571,362443.1836,360922.856,362556.8309,368014.8526,376290.0887,382543.3432,385686.6817,385685.0825,383551.9206,380297.5271,376048.5929,372550.9637,369454.4956,366507.2897,364113.1833,362324.0183,361696.1427,362174.4086,363837.7666,365694.7561,367455.5199,369133.7216,369935.3779,368974.6882,366231.5747,364930.9888,364645.6308,365320.6254,365455.4117,365682.2946,365228.9563,362769.5909,360228.3574,358618.5204,358487.8043,358236.9791,357173.3374,356648.1533,355630.2734,353529.4517,350178.7906,346943.9874,344703.5376,342568.5364,340610.9055,338392.6226,335635.9329
66139,3051,20016,zip,DC,DC,Washington,"Washington-Arlington-Alexandria, DC-VA-MD-WV",District of Columbia,317039.2025,318256.1398,320203.2536,324304.7764,328459.9605,331951.4597,334064.4388,336188.5563,338328.1384,340373.8728,342348.5639,344596.2061,347007.6071,349698.6122,353356.9992,358177.422,363528.9477,369261.7126,374041.0642,378943.3549,382859.2655,387359.0474,391401.704,395107.4391,399052.1441,402841.3678,406834.5858,411319.1779,416940.8408,422154.9091,427469.8084,432557.1164,438593.5704,444557.5762,450966.5712,457745.9941,464071.0269,469210.3746,473164.7229,477447.8944,482529.9698,488358.0326,493536.4792,497723.9866,501124.134,505617.7008,509679.9485,513598.7131,517321.4549,521399.8794,526733.3463,531727.362,537605.2656,544042.6284,552309.7387,560715.9959,570594.326,582149.7956,593158.1331,600584.2885,603390.8726,608157.3209,615577.2676,626045.3904,634748.7588,641738.09,648567.8011,655958.5353,663026.9346,667976.637,672641.5142,676968.2359,681506.1258,685280.6816,689689.9289,693299.0428,696136.2637,696521.5181,694589.6502,692153.5919,689805.2786,687618.6315,684772.7657,682162.8758,680854.1379,681460.8455,683197.8039,685028.5295,686344.0153,686756.3128,686988.2488,687502.991,688396.9853,690192.2145,691153.7802,691168.7282,690968.8273,690506.4086,692036.8605,692661.6142,692922.7251,691776.1145,689667.7197,686945.5779,684346.0028,683058.7594,682143.7869,680375.7207,680834.8788,682314.7015,682687.661,680225.8243,676582.0647,673871.6361,670874.1082,667230.4411,664023.1667,659262.058,657008.7862,657776.324,660854.5351,662958.9895,663620.1791,665903.9358,671636.5094,677907.3747,682169.0625,683806.3244,682483.5751,681009.3263,677758.4875,676425.0349,674783.8487,675059.4195,674958.3938,675182.5833,675382.0274,675870.0102,676390.9698,675481.6304,674585.949,673812.9639,673576.0377,672534.1084,672274.2936,671911.1985,670587.8401,668327.8265,667139.348,668877.4934,672584.5159,676776.7201,681487.7947,686018.8193,691820.4607,698022.463,702679.7355,705382.1832,705039.2974,706004.9913,707583.0632,712650.4121,717992.5718,724079.9462,730466.2397,737460.0102,743616.8526,748097.0014,750541.6311,753886.484,755159.0815,757522.8066,757649.3943,758565.094,759017.7073,759159.777,760224.7997,761416.8405,764271.1096,767148.3912,768156.174,768055.5723,766138.3738,765041.4041,765075.3885,766672.4119,769895.9839,772546.4733,776166.1161,781380.5507,787896.1198,793454.5961,795837.3179,796803.4612,796113.7309,796078.9682,795341.418,795392.7533,795183.4937,796036.7644,797735.7211,801454.6467,806089.872,811411.4971,815119.4905,817518.0933,819270.3955,821373.2293,822007.2034,822427.0465,822886.1802,824286.4873,825439.9788,826255.0451,828078.4343,831608.1172,836045.0045,840055.7631,842843.6021,845321.8592,848814.5366,851680.9463,853488.6823,854810.1835,856734.0162,858983.3147,861712.8491,863106.5106,865217.6988,867011.7345,872180.0922,877457.0764,880694.8375,881758.5893,882273.3718,883374.4058,884108.848,885170.5127,887282.8311,889950.1128,895084.3166,901103.9838,910009.6086,919149.0502,926027.7199,927698.184,927563.7081,930956.4814,939351.2213,949208.0533,958606.9861,966740.2801,973469.3411,980747.8724,989651.611,1001224.747,1015252.798,1030898.373,1042559.099,1047063.579,1045273.132,1042998.399,1042835.334,1043160.797,1047457.631,1059308.013,1081895.369,1105218.72,1122072.037,1129279.143,1126377.986,1115513.357,1097626.627,1083110.956,1074328.033,1071303.361,1079031.555,1090775.626,1099785.819,1098186.281,1092918.175,1094031.635,1097819.514,1100028.624,1097336.654,1093720.056,1089325.596,1085253.109,1079294.557,1076976.924,1080017.976,1088742.656,1097391.814,1099360.815,1095666.039,1091283.505,1092805.565,1097155.411,1102157.083,1106604.92,1109778.684,1112380.14,1112850.312,1114178.529,1112481.45,1107878.654,1102401.116,1097833.712,1096296.256
66134,3057,20010,zip,DC,DC,Washington,"Washington-Arlington-Alexandria, DC-VA-MD-WV",District of Columbia,164846.4531,165307.8849,166613.3572,169128.9767,172641.2276,176009.7254,179423.6615,182333.8781,184658.316,185900.778,186643.7524,187221.7817,187671.5839,188019.9228,188354.5519,189567.9992,190987.0816,192105.1021,193024.2797,194484.7915,196728.5131,199265.5541,201981.1877,205252.9848,208386.7143,211097.9507,213380.1711,215957.3939,218488.5951,221518.9873,223811.4445,227454.087,231326.3868,237071.3187,242361.9999,247992.598,251981.1736,255346.4831,258877.377,264096.3475,270878.8477,277575.0943,283687.4623,288693.5636,292310.2844,295938.3065,299269.1198,302581.4169,306228.4571,308665.5092,311647.6473,315022.2054,320271.4701,325926.067,331996.751,337456.794,343891.8477,351913.6137,359885.6008,365188.2315,366197.4553,369797.0776,376683.1715,385874.2704,392287.5848,397199.8904,402743.4019,411271.2922,419843.2592,426979.3082,431835.804,436871.6833,441961.8275,446525.3457,450024.0168,452711.6485,454381.6597,454874.345,453810.9525,452522.0639,451334.7016,449791.3685,446895.5895,443455.8356,440655.956,440278.6545,440601.921,440778.8296,441084.3433,441690.9097,443174.0426,444284.2139,444918.8612,446009.7194,447623.325,449376.7948,451360.7337,452420.8547,452024.3003,449215.6267,446043.0298,443782.9384,441580.9632,438129.9425,434289.0119,431500.5771,429059.1758,427000.2392,426713.5213,427725.4137,427621.4565,425059.9001,421069.7122,419508.5064,417411.2871,415718.3434,412908.5151,410347.7958,410166.9271,411672.2917,413320.6523,413272.6677,412074.7066,413667.3957,416574.9566,419935.8653,421973.7645,423407.0055,423536.9159,423567.9981,424024.782,426846.5533,426035.4084,423449.1322,419266.5813,418541.6117,418833.1123,419040.9002,419889.6249,420114.7639,421803.0539,421965.8482,422298.2744,421010.7083,421715.864,424009.5556,427040.6607,429440.7312,432006.3551,435487.1615,439787.0894,444456.869,450553.1158,457273.7749,464502.5641,471173.0077,477298.1452,482347.6315,485397.5725,488195.2875,492455.3202,499032.3872,505686.7619,511905.8301,519230.904,527808.9773,535384.5446,540645.4024,544702.0936,550000.2638,554675.6888,559500.1733,563112.9695,566877.4466,570700.9208,574643.7901,578249.5028,581025.4964,583833.7164,586437.2338,589336.0506,591248.4886,592788.1397,594236.2306,595829.189,599429.0219,604273.1752,609879.0346,616161.7672,622083.2749,627369.909,630177.9468,632370.1748,634659.3756,636881.4149,637684.7885,638250.1244,638805.1064,639480.9908,639518.7593,638986.6257,639150.3899,640654.3349,643679.7018,645918.852,647191.7242,647578.9571,649224.3376,650666.3274,652814.2293,654580.401,655673.7355,656139.5617,655940.5561,656314.6333,658242.1764,663267.0069,668809.167,674362.0291,677175.8542,680341.0496,682297.4527,684316.861,685991.7139,687259.5378,688031.8831,688981.6653,689330.454,690911.1328,692078.9883,695758.9524,699398.1984,702269.9525,702494.4665,701364.1954,700340.0817,699911.4196,700943.4217,701796.6644,702761.2111,703219.4166,705870.3003,710147.3346,715326.0377,717646.0789,717509.7881,718154.215,722270.868,729152.9558,735300.8185,740763.259,744957.2398,748426.1261,752406.4798,757805.2665,764375.0419,770927.2637,777001.3254,779675.1014,778585.3721,775441.6031,774209.9044,774952.425,776122.6097,779140.9881,786174.0318,797626.8212,808178.377,813393.8496,813594.6833,808959.6089,802333.2252,792519.031,784827.9319,778369.8765,773165.2113,768863.8841,765663.056,763887.5411,762619.5238,761026.4436,760138.3482,759890.6122,760885.4514,761289.3404,760440.4286,757516.7189,754243.9706,750786.3179,750366.409,751543.647,752773.7487,750880.4901,746151.9426,741661.6107,738392.9911,738184.3046,737751.3838,736335.6866,734800.3481,732599.3764,730893.1415,726903.0635,723056.648,718284.0888,712996.4532,708387.1345,704677.7303,704261.3872
66127,3224,20003,zip,DC,DC,Washington,"Washington-Arlington-Alexandria, DC-VA-MD-WV",District of Columbia,214757.7898,216541.6476,218126.347,221404.4946,223495.8391,224865.0881,225289.3629,225843.9058,226540.4663,227290.6418,228194.3148,229784.9236,231809.6578,235018.7903,238725.2443,242735.5556,247417.0139,251832.2375,256609.1044,261553.5942,267455.7044,274528.048,281414.4453,287775.778,292591.3668,296591.1915,299451.2315,303746.1473,308747.6154,315343.4001,321882.8715,328250.049,333582.4641,338519.6453,343493.0726,348442.9735,352838.125,356762.4225,360433.894,363059.1026,364643.8215,366806.2282,369585.6108,372404.2732,374949.2868,377847.8406,381750.8833,385770.5022,390610.1166,395520.5936,401789.9464,408909.7572,416374.7915,423514.7186,431822.9693,440165.9884,449139.0503,458355.0792,467353.3156,473379.2421,475465.4158,479083.0988,485814.7411,495107.0524,503523.1256,511847.1113,521789.2422,531786.1415,540361.4128,545835.4583,550539.7191,555195.207,560826.7105,565324.7401,570107.6524,573292.937,576300.6025,576491.2567,575499.0412,574392.3771,573691.3193,571815.1316,568943.1611,565479.3771,563842.9242,564369.8008,566250.4804,567376.2086,568123.2955,568536.702,568998.3755,568893.6801,568900.3873,570069.0324,571585.7378,573144.8541,574248.6638,573922.837,572201.6136,570373.7604,569100.1916,567422.9825,564532.2632,559943.272,557132.2167,556042.203,556108.7368,555119.3445,553417.7821,552616.2797,552123.9613,551548.0467,548839.5014,547606.537,546412.6828,547154.9943,546860.9057,545480.8709,545137.8943,546846.3653,548969.823,549582.6918,548809.6908,549371.9814,553474.2994,558344.2588,561969.5175,562521.2344,560265.451,556764.014,553065.4357,551997.9881,549977.7302,548562.5824,546191.7066,546538.9137,547399.7706,548767.5574,550596.581,551938.4299,553146.5786,553406.8077,553647.4856,553055.4795,552918.5205,552100.017,550926.4586,549823.6515,550612.2209,554248.9591,559084.2632,564891.8958,571165.2758,579298.3724,587423.5789,595331.2637,601026.7237,604752.081,606463.7632,608377.8648,612602.3139,619995.2447,627453.7294,633816.6489,640282.22,647792.3934,654103.5068,657945.8045,660213.963,664576.6829,667765.9767,671370.2239,673330.8264,675745.6219,678100.7648,681266.9419,685025.9933,688636.4316,691675.858,694633.4542,697062.9544,698294.8672,697718.9733,696498.6741,695593.8163,696592.6814,698891.5162,702275.5585,707088.1631,713020.7074,718272.924,722107.445,724658.002,727330.6165,729221.1258,730048.1032,730064.8736,729066.579,728369.0924,728094.2163,727899.6333,728811.0769,731113.1087,735523.1898,739211.7044,741984.9475,743390.9158,746065.6523,748507.777,751896.9939,753734.1176,753923.1944,753563.2021,753236.2984,753788.7322,755881.7113,761390.549,768283.1746,773984.794,775251.2741,775372.3414,774711.5422,774982.8824,775558.9356,776853.639,778395.716,780791.6719,782913.9851,785688.0787,786549.8742,788789.5401,790708.6135,792079.7345,791571.3012,791159.6921,791754.1149,792669.6146,794008.3604,796281.1318,799328.0389,804060.115,810235.9231,818401.14,826735.1258,832115.6967,833190.5204,832866.9721,834477.2652,838906.5628,842702.5066,846735.0647,850422.2527,853514.314,856515.0795,861490.4065,868513.9298,877400.6294,886433.5751,892514.2875,894207.4838,891959.1958,890588.2064,890341.3478,889982.8175,889668.9395,892105.105,900705.9864,910365.5321,916409.2744,915868.8881,908896.0512,898288.5414,885261.9945,876306.1227,871066.06,867757.4061,865375.917,863549.739,863453.4442,864131.466,865445.7109,867311.9359,868974.4719,869990.005,869014.5624,866865.3164,863371.5663,860024.4067,856181.7093,854301.0972,854489.3789,855842.385,855697.7425,852469.7144,848586.0094,845518.949,845797.3926,846153.1271,844797.5377,842134.8232,839725.4404,839213.3564,838180.1834,836780.2656,833377.2872,828443.7951,824294.8202,821773.2979,822478.9608
66131,3753,20007,zip,DC,DC,Washington,"Washington-Arlington-Alexandria, DC-VA-MD-WV",District of Columbia,355551.2703,356966.7616,359271.1368,363695.5142,368637.485,372998.9236,376774.7236,379869.9192,382443.8339,383835.6888,385275.4332,387036.8181,389480.2042,392279.0741,396497.3885,402881.0148,410487.5797,418307.7587,425674.8294,433466.1099,441023.967,449230.38,456757.4103,463099.7757,468158.0711,472721.9952,477785.604,483276.6977,489793.7476,497156.493,505031.7696,511651.4388,517444.7053,522870.8116,529717.897,538197.3453,546259.9258,552990.1992,557743.3766,562041.6439,566119.2616,570675.6929,574436.2203,579219.2573,583689.4921,590511.231,596308.7625,601538.0542,606883.7652,612519.4914,619546.3803,626221.3155,634217.5404,642751.5742,653524.8418,663768.0764,676344.034,691084.0661,706091.0804,716690.6054,721158.9292,727140.7933,736260.9925,748831.6185,758778.2532,767348.1985,775361.5881,784573.912,792715.0249,798668.3196,804173.7728,809020.3078,814202.86,818608.7858,822758.6197,825819.1051,827466.5078,827577.5522,824779.5395,822147.1084,820083.109,818853.3243,816223.4552,813832.0159,813235.4127,815970.2433,819278.2442,822348.9303,823304.9485,822632.6083,821783.0645,820702.8124,820897.4771,822202.4669,823698.9387,824525.2705,825168.0265,826452.2699,828190.5724,827598.1139,824826.3317,820494.527,816060.5266,811883.846,809212.3391,808950.1981,810177.1072,810749.975,810237.0382,809281.6717,806693.6503,803307.2954,799481.0455,798077.714,796798.7754,795160.4731,793373.8746,790294.4763,789054.496,790609.6075,793491.4741,794714.9892,793648.0282,795362.151,802987.3277,811099.7132,815705.8146,816377.6825,814442.721,812558.0907,808990.7514,807769.6462,806683.6195,806747.9609,805802.5791,804904.2103,804120.2984,803684.7638,803069.7054,800749.0903,798123.1591,796151.5829,794723.8802,792483.1221,791289.8589,790923.0724,790072.173,789002.8464,789139.5144,792168.0278,796861.6953,802164.3909,808143.1371,813549.9182,819507.4608,826034.191,830658.8349,833758.2839,833466.9665,835253.6745,838130.0031,843642.7412,849532.3473,855498.7245,863125.379,870229.6827,876437.8587,879907.6837,881955.7532,885079.3018,886856.1174,890208.2697,891377.2105,893031.6459,893936.6777,895434.0479,898503.0516,900355.4672,903535.6093,906859.5038,909214.2681,910062.3821,907823.6001,905986.0676,904112.0717,905122.0415,908651.0917,912220.0264,916465.0115,922496.8828,929680.0118,934665.0066,935835.7825,936391.9661,936246.185,936955.4096,936235.8269,936192.0534,936003.9856,936607.7433,937226.8894,939570.4775,943367.8187,949540.8458,954372.8677,958432.1443,961247.3209,964705.5383,967073.1295,969433.4607,971277.3252,972588.2147,973734.5896,974760.9793,977954.8756,982865.2919,989996.6193,996058.0284,1001653.315,1005523.878,1010293.55,1013956.64,1016442.766,1018043.089,1018781.105,1019609.608,1020811.881,1021596.265,1023951.072,1025771.054,1030170.144,1033632.339,1035085.788,1034219.474,1032777.741,1031587.246,1031270.629,1030873.126,1031769.431,1032722.777,1037246.146,1043135.742,1051263.718,1058488.847,1063126.568,1062324.703,1060087.171,1061081.836,1067675.888,1074988.348,1082670.357,1088793.882,1093581.569,1098933.463,1107213.349,1119623.761,1134499.539,1149699.579,1160832.299,1165163.854,1164097.816,1161647.201,1160335.261,1160272.474,1164785.049,1176329.641,1196426.726,1217353.756,1232569.409,1238344.585,1234132.643,1222057.379,1204060.901,1190760.801,1184216.398,1182554.612,1185705.11,1190466.785,1195356.268,1195975.249,1195787.369,1199781.534,1205316.099,1209170.183,1207673.497,1204418.455,1200317.463,1197719.704,1193324.603,1191827.468,1194048.773,1201501.075,1208341.301,1210633.113,1210057.692,1210292.742,1216002.399,1221358.458,1223930.645,1223236.593,1223218.044,1225697.882,1228316.606,1232295.618,1234288.956,1235519.669,1235541.235,1236188.234,1239562.219
66132,3831,20008,zip,DC,DC,Washington,"Washington-Arlington-Alexandria, DC-VA-MD-WV",District of Columbia,262023.4101,263459.0715,265425.4161,269503.111,273914.3697,278267.3989,282302.5029,285701.6773,288461.098,289631.5251,290625.7218,291679.1677,293665.2719,296287.9354,299622.4634,304296.7883,309562.8369,315000.8388,320322.9774,325424.1371,330437.919,335201.4844,339718.6857,343675.3425,347426.5883,350849.0365,354465.9758,358421.349,363024.7401,367914.7545,372818.1383,377583.81,382247.3645,386423.353,391605.6372,397092.4611,402371.7907,406582.3547,410098.152,413642.1527,417201.1163,421248.1467,425603.6663,429562.964,432858.3694,437245.9749,441413.6661,445649.7507,449881.9997,454478.4983,459838.2933,464579.0923,470149.8792,476500.7926,484110.2567,491490.2098,500138.1896,510776.2791,521290.431,528546.3213,531275.439,535540.4322,542423.0875,551961.6899,559890.2933,565999.161,572151.2253,578160.63,584595.5842,589039.3769,594137.1357,598604.0038,603103.5581,606144.9085,609190.759,611562.8789,612963.2324,612619.6694,609741.8563,606615.2728,603096.2954,599944.1441,596164.6221,592413.3225,590091.8957,589764.0418,590490.9011,591142.8105,591224.3563,591088.3668,590900.2477,590894.9754,591362.9484,592857.5076,594235.0037,594867.5863,595334.0676,595734.2163,596772.743,596367.8719,595343.8338,593470.099,590509.122,587381.137,584829.1269,584482.1039,583798.4257,582351.5001,581147.2208,580779.8415,579350.8692,576573.3878,573326.0534,571327.2924,569512.9417,567927.763,566734.7359,564182.4129,562962.3517,564169.3646,567278.3741,569376.6551,570193.1253,573044.8454,578871.7672,585195.0069,588708.4239,589936.7404,588238.0924,586635.1497,583247.0731,581847.3353,580337.9916,580872.085,580602.362,580700.0777,580520.3431,580895.2808,581117.4399,580044.7693,578706.972,577066.9175,576019.0374,574188.9451,573738.4426,573388.8119,572972.4471,571573.4119,571058.5506,572106.9213,574889.1564,578086.5262,582724.9517,587501.4748,592983.352,598220.6371,602466.7739,605435.8082,606188.5446,607411.6952,609438.542,613577.6801,617522.5096,621594.2639,627114.159,633783.0157,639852.2138,643254.1488,644940.6384,647045.2152,648344.1275,650093.8059,650385.6027,650614.4412,649887.4057,649114.8684,649536.8113,650912.5286,653831.6707,656253.2609,657694.7937,657838.7017,657088.6073,655676.7191,654328.8627,653809.6212,655009.1899,656851.2582,660004.8294,664867.8711,670617.1627,675655.6281,678141.0393,679702.0225,680173.5787,680895.3344,680894.188,680556.4572,680172.4205,679903.401,679783.6814,680776.4369,682856.446,686665.362,689434.1912,691385.4898,692192.4068,693378.1049,694402.9898,696118.2675,698137.5006,699510.7842,700417.2365,700790.4751,702064.0908,704146.1206,706639.1004,708573.9574,710955.982,713562.5249,716876.8008,718611.8425,719701.7592,720607.2598,721578.9787,722772.9405,724624.5409,726176.9097,728618.8308,730572.6921,734090.6667,737241.5582,739083.8644,740181.2995,740999.1661,742151.6746,742750.2976,742909.6903,743582.2633,744681.1558,747839.1348,752538.4365,759241.0665,764840.9078,767395.7477,765666.4055,764323.8955,766258.0364,772318.9601,778530.839,783830.3926,787431.1976,789420.5361,792461.8555,797720.9696,806225.3582,816490.9618,827155.2044,833845.5382,834965.8115,831949.1053,829333.8077,828581.9049,829255.0813,833115.7765,842217.1192,856592.9574,869999.7463,878578.0507,880973.8213,877075.5497,868035.2073,854121.9315,842790.479,834896.472,831714.0573,831145.1693,832217.8745,831869.4542,829831.8583,827883.4987,829859.8897,833969.4076,837146.0994,837714.0927,836725.2169,834975.3731,833659.5977,832049.6994,831757.1455,833683.6819,837577.7206,840576.7743,839323.2561,836040.7192,833663.1619,836302.9922,840322.6532,843492.859,844811.7839,844967.2793,845902.3558,845696.5709,846091.7998,844711.9125,842062.7817,839086.1797,836661.6689,835976.9584
66140,5615,20017,zip,DC,DC,Washington,"Washington-Arlington-Alexandria, DC-VA-MD-WV",District of Columbia,142567.2911,142898.2458,143269.7802,144351.886,145558.7414,147105.3978,148479.0569,149599.4578,150278.7962,149843.321,149350.2951,148844.1554,149100.6642,149722.5768,150712.396,152065.9758,152978.0277,153392.3812,153853.8697,154816.4174,156312.3465,157887.4672,159362.5779,160722.6625,162074.2438,163611.7455,164918.784,166488.0809,168176.9916,169879.2822,171178.6644,171780.067,172720.2103,173391.7897,174740.3031,176684.0111,179116.4585,181562.9791,183639.884,185981.8302,188157.3907,190544.0337,193163.2421,196490.8445,199527.3767,202631.323,205169.652,207617.3928,210360.3782,212681.2838,215236.9725,217229.7438,220645.4003,224244.1495,228667.8023,232915.1308,239095.3864,246960.9294,255775.3869,262790.1813,267067.5059,271282.7881,276363.8332,282858.952,288705.2901,294277.9032,300038.6262,305925.0907,311782.8079,316523.2264,321096.7624,325430.1634,329663.3531,333532.7125,336896.0157,340326.2174,343033.5337,344889.6078,345825.8905,346415.506,346665.4986,346293.8284,344614.6007,343131.3182,342397.0803,343603.6774,344773.855,345865.1466,346326.0611,346985.1518,347510.6935,348558.9594,349435.5854,350531.4857,350840.9024,350209.1418,348468.0239,346108.0425,344402.5551,342815.1568,341284.8461,339216.199,336161.2445,332080.5603,327839.6888,324579.6636,321771.495,319118.3816,315822.3925,312793.6215,309720.1932,306788.2114,303661.2402,300858.6876,297845.5866,295205.3541,291441.5788,287248.9653,284412.9917,283759.6669,283740.827,282077.2084,280070.3453,279700.3061,282033.5205,284827.0885,287123.1614,288378.7762,288399.4546,288070.4263,286576.6866,286599.2283,286227.9222,287016.5755,286916.3027,287259.0283,286601.1417,285530.0345,284873.6705,284313.6104,284144.5796,283181.7607,282442.2608,281452.4906,281484.0069,281484.4554,282032.1166,282456.1701,283924.1763,286167.0733,288944.0509,292186.59,295847.9293,299856.545,303045.4063,305894.5219,308654.4087,312627.3936,315988.39,318991.685,321839.2411,326014.0199,330950.0092,335871.5119,341163.6247,346544.9282,351374.0876,354577.1961,357160.2309,359709.6884,362649.193,365955.9217,369674.2267,373443.9238,377318.714,380458.6269,383166.4885,385151.8398,387248.8309,389122.754,390728.9398,392241.4113,393345.2421,395046.7886,396697.0014,399509.2988,403062.9896,406946.0459,411256.9316,415517.2231,420227.8545,424510.6385,428700.2512,432969.8772,435920.8081,437806.9214,439064.7445,441144.6806,443036.9123,444368.8777,445803.1864,448425.7825,452507.8899,456690.8193,460010.837,461718.5739,463220.9088,464661.3342,466278.6286,468114.7065,470044.3386,471270.4154,472203.0985,473090.4273,474891.6639,478145.3547,483411.1975,489310.804,494757.0748,497948.7856,500696.3992,502158.2797,503306.2487,503405.9397,503281.8291,503344.7535,504813.5458,505935.2564,506570.6505,506662.268,508650.1545,512258.3335,514845.6898,515820.79,515629.4782,515849.435,515865.5677,516216.3243,516889.8599,517996.9456,520092.1765,523417.5054,528510.0857,534186.6041,538477.4358,541248.4924,544491.9668,549677.8815,556727.0002,563281.486,570138.0183,576208.7871,581055.9753,585417.626,590786.4979,596806.5796,603400.7933,608947.0606,610396.6841,607054.6453,601189.1468,597342.8763,594676.2376,592588.4818,593973.8475,600793.4268,611557.3224,620250.4804,624772.6757,624853.7213,621357.8601,615354.9812,607958.4715,602822.6683,598631.1533,595835.6628,593464.8672,592256.1419,590290.8674,587987.9481,585373.8931,584043.8301,583221.3884,582556.8955,581201.5051,578467.7213,574839.8383,571596.4375,568733.8921,568222.9449,568781.0906,569610.8738,568492.0908,565032.0332,561633.6778,558274.467,556894.1767,555253.7262,553755.8297,552360.7252,550226.7479,548263.8297,545363.4164,543336.36,540672.4119,537327.193,535161.4037,533169.6532,532215.1959
66141,6724,20018,zip,DC,DC,Washington,"Washington-Arlington-Alexandria, DC-VA-MD-WV",District of Columbia,137548.8178,138365.4931,138537.8486,139392.3392,139938.4285,141282.397,142615.3499,143688.2386,143814.4149,143074.6393,142541.2822,142177.4399,142133.6444,141909.1562,142048.4555,142359.7001,142630.8867,143049.4735,143727.0336,144658.9782,145569.6179,146361.3021,147019.4513,147904.6587,149365.2037,151149.9008,152938.1694,154633.6372,156707.2513,158661.3104,160924.2839,163298.4091,165965.682,168281.4047,170672.8934,172734.926,174803.7293,176641.252,179191.1476,182364.0542,185644.4914,188708.4159,192160.1565,195094.2634,198152.3781,200375.9016,202709.6718,204326.7966,205961.5012,207932.5673,210902.8573,214250.1121,218051.8065,221404.3259,224834.0074,228040.5751,232674.8655,238783.4071,244753.4825,249283.9323,251895.7848,255662.9996,260270.346,265170.429,269478.523,274314.6079,281209.0797,288301.1084,294815.5506,298577.2059,302429.7809,305644.9777,310779.3573,314989.6031,319724.4128,323846.7173,327629.4182,329560.5962,329893.407,329576.476,330117.0861,330955.773,332304.1879,333756.543,335269.5724,337425.64,338637.9048,339468.2781,340178.7866,341851.3332,343479.3674,344566.4536,343847.1854,343491.0543,342867.4748,342360.581,340593.0616,337708.619,334363.8305,331434.8601,328874.3948,326786.3248,322892.8624,317418.8114,311971.8884,308138.364,305068.5452,301122.4367,299052.6491,297389.387,297656.7362,296037.7301,295253.7333,294164.2409,292606.6859,291398.4547,289513.3454,288108.2748,287195.2612,287964.4821,288557.0257,288377.7236,286561.2619,285740.0124,286218.1992,287447.555,287258.4379,287064.75,286269.1994,286346.9992,285160.8586,285531.4874,284990.176,285348.6642,284235.5532,283864.0401,282473.3852,280508.6939,279413.4332,277776.7783,277028.0214,275398.0002,273887.0255,272779.5616,272804.5922,273407.7151,273402.7399,272936.7196,272948.2826,274330.5904,276547.9937,279720.2264,283377.5217,286472.7095,289265.9795,292452.2621,295806.1469,299414.5259,301607.7298,304333.9582,307733.4431,313176.0415,319048.2599,325072.5343,331052.5348,337478.7149,342952.2591,346862.3667,348728.9151,350697.1318,352412.7961,355913.2095,359484.3076,363604.0234,367508.5433,370859.4147,373172.2649,374604.7038,376101.847,378139.7379,379165.5744,380153.9411,380699.9044,382787.6971,384950.0293,388169.62,392043.9633,396585.7832,401424.9924,405336.7388,408900.8994,412007.1541,414926.1837,417985.3464,420242.3687,422257.7103,423403.4569,425000.7067,426956.9456,429344.5649,431404.4836,433894.7256,437642.5041,441357.7597,443739.4392,444544.0319,445348.9114,446863.5677,448477.6287,450846.7291,453132.0544,454582.6242,455264.388,455428.698,456754.6129,459405.3761,464324.6913,469868.2363,475892.7704,480018.0321,483918.8045,486728.1481,490249.7574,492620.3066,494488.6056,495820.5548,498260.4295,500393.148,501650.3953,501157.5916,501484.0473,502977.4373,504329.5613,504406.0018,503938.9389,504465.9719,505283.8935,506938.2213,509231.6063,512133.397,515380.5822,518732.589,522836.102,527591.7531,531019.3903,532873.7742,534416.3486,538255.6288,544142.8906,550512.5228,557502.2692,564364.0961,570437.6778,575677.0322,581770.9451,588155.383,595145.4136,601381.943,603952.0582,602134.053,597219.0896,593811.3262,591557.0181,590381.1265,593421.9641,602490.8631,616525.7335,628154.0441,635100.358,636019.5082,632443.0906,625335.904,616402.3091,609540.1309,604828.53,602472.6838,601025.6112,599953.4383,599092.013,598688.0947,598635.4103,598272.8873,597535.3918,596177.2858,594159.9471,591673.6042,588789.5955,586679.498,583780.0231,583120.4315,583354.2624,584142.9271,583448.3445,580099.1716,577105.7902,573623.5453,572598.0266,571358.661,569621.5421,567688.9155,565092.7871,564072.5845,561839.1727,559968.0101,556305.6607,552405.6078,550059.9429,548028.8841,547159.995
66136,6937,20012,zip,DC,DC,Washington,"Washington-Arlington-Alexandria, DC-VA-MD-WV",District of Columbia,208413.3121,208870.7477,209370.9263,211336.1467,213986.3053,216471.5453,217471.1828,217414.466,217997.378,218370.0777,219102.0374,219689.5852,220852.1934,222602.8755,225264.8482,229058.8734,232624.6659,235409.1042,239351.3508,243547.3949,248735.8334,253209.5913,258400.0632,263405.2358,267866.8489,270987.269,273040.4698,275034.2392,277970.7813,281436.1388,283433.5495,285586.0296,287621.6359,290517.6732,292507.9523,294868.4872,295990.7685,296925.0484,296211.6829,296980.984,299495.2979,304726.4169,311283.5627,318439.5914,325288.3285,332772.9123,339027.8619,343011.8278,346098.0308,348463.6737,351680.6742,354487.3406,358534.1686,364038.5184,370606.9619,375604.0189,379676.7168,387411.1167,396300.1455,406094.3532,411097.4006,418427.5637,425571.8007,434319.4322,438614.4621,442796.6705,445538.2965,452122.0937,457377.1396,462206.7978,465692.8991,470008.3959,475129.6701,479945.0673,485407.0366,490414.794,494613.5931,497007.1165,498340.7009,499068.353,499898.0526,498560.2349,495874.1164,493495.3836,493971.5678,497254.9343,500377.3588,502084.1604,502403.45,501724.9606,500885.1059,499907.8592,499417.3634,499075.3114,497285.2804,492906.3219,487431.7406,483483.0814,481241.6491,480192.6174,478424.4527,477195.7769,473959.4946,468710.0291,462513.3427,457492.1181,454837.3438,453995.9884,452859.4374,450372.3191,445782.2345,442083.8694,439690.7538,438953.0413,437706.5658,435707.5925,433082.0795,431088.8282,432585.8004,438139.0827,442638.6806,443811.2487,441815.7447,442632.1526,446292.2243,450481.8898,452472.0522,453648.1054,453533.6588,453569.8825,451371.9707,448646.0487,442550.9868,436860.5994,432110.9982,431714.1317,432640.2234,433174.8495,435065.0055,436826.9032,439596.0661,439050.8069,437863.5537,435925.9262,435787.1464,436438.6869,437105.1049,437176.6209,438290.5711,440073.1127,443578.0806,446941.1936,452444.7551,458003.7372,462730.1605,466244.9214,469198.7313,472725.0135,474753.9965,476247.5641,478843.4199,482935.4452,488469.3745,493693.3407,500846.6536,507589.6128,512710.9641,515454.5425,519041.0819,524235.9044,527895.1787,529636.3929,530241.1181,531593.359,533690.5521,535280.1799,537481.7753,539485.605,541914.0673,544032.6993,545473.3661,547185.8699,547685.5941,548364.7738,548826.1397,551261.6064,554265.1233,556813.7838,559502.4143,563156.397,567714.741,571492.5906,574889.6405,577604.5454,578297.5095,577216.9822,576910.1233,578576.5599,580730.0302,581687.012,582137.5511,583375.4538,586206.7875,589657.0961,593619.1877,596140.9721,598593.9958,599933.2361,601087.6865,602240.9005,603278.9449,603611.2402,604230.2527,605676.5117,608526.3828,613015.1102,619348.8312,626276.6304,632045.9111,635151.2277,637754.9781,639727.3485,642524.0132,645270.0018,647967.4928,650394.0342,653556.9534,655856.8043,658939.4346,661606.712,666873.7323,671834.6465,674555.7609,674917.2122,674241.1621,674136.3405,674128.7732,675463.8784,678135.0399,680997.472,683599.8258,687090.4419,693862.9293,700002.4131,703148.9765,702353.1769,703333.9956,708612.2412,716933.3846,726614.8165,736682.9087,746747.2966,754786.1823,762628.113,771684.9057,781547.6394,791771.6208,800567.523,803887.016,800036.388,792202.3501,786760.4626,783779.7599,782061.0145,785279.8033,796459.5716,815198.1587,833324.1029,845754.3129,849400.4987,844628.9725,833482.4865,819464.176,809273.0316,803607.5595,801769.7553,802154.4199,805200.1438,807726.6746,808882.4181,807497.8267,807204.2575,806962.9468,806760.0947,804402.7503,801457.1871,796881.9318,793063.9387,788826.5097,787346.5447,788853.7843,791203.8628,792199.1539,788726.0769,785248.9856,782013.0645,783544.515,784934.5501,786225.3539,786223.664,784922.4081,784137.9936,781558.7371,780418.7931,778204.436,775360.5475,772686.7751,770484.8601,770739.0809
66138,7642,20015,zip,DC,DC,Washington,"Washington-Arlington-Alexandria, DC-VA-MD-WV",District of Columbia,406511.6755,408385.1022,411828.3888,417320.4751,423444.994,427719.7457,431676.3263,435082.6588,438853.8559,441105.8387,443276.2014,445955.8683,449441.0713,453052.0456,456573.4441,462566.3072,468371.998,474099.6178,479777.7845,485684.6585,491854.5962,497314.7679,502284.6614,506135.5477,509578.6874,513034.2079,517435.6398,522371.7522,529020.9368,536770.2428,544940.8718,552954.7772,560234.4876,567028.9882,574167.8061,581110.8705,587337.5027,592673.1754,598804.4209,605343.8296,612068.5613,617366.7667,622148.7023,626034.7115,629668.1683,635260.5031,640878.815,646970.3659,653274.9102,660055.6896,667899.6896,674470.7132,681231.5403,688699.0136,697577.2854,706101.3107,715521.7928,727122.752,738745.2328,745893.3407,747359.2739,751453.5194,759395.7483,771270.9444,780444.3687,787423.2728,792841.6162,798450.4972,804103.3422,808807.0315,813807.7468,818378.5635,822174.146,825358.1925,828685.83,832964.4776,835758.242,837175.0755,835366.9433,834638.8466,834550.7111,834598.3972,832942.4909,832158.8419,833924.5396,837943.3645,840896.1532,843667.9675,846016.2176,847709.2967,848579.8117,848843.4924,849584.221,851453.3479,853228.2726,853108.5195,852257.6691,850136.5681,850379.022,850069.7188,849372.8403,847055.4092,842404.3427,836860.3652,831892.0277,829584.7705,830628.0748,832126.0676,839080.4682,845538.6634,850103.9522,847294.4713,844325.1459,841986.3811,840163.4205,836865.7829,832927.0973,826375.6312,820622.7472,818581.9607,818409.6959,818021.3873,816809.3758,819174.2824,826067.7544,833570.7006,839055.1152,841415.1337,841048.0462,839950.0266,836073.9876,834142.1623,832317.0672,834180.6283,834399.9193,834286.4745,833119.5861,833530.7273,835239.172,835246.104,835946.3983,836064.0287,836839.676,835393.9497,833757.663,831482.569,827222.1821,822441.135,818540.2715,819275.8794,823559.1647,829054.8878,835056.8882,839837.0523,845174.9425,850672.4655,854682.0769,857850.3039,857279.2483,856772.516,856480.6518,861077.4271,867635.5503,875992.7794,884878.3582,894613.0882,903567.0511,910394.9211,915171.1737,921420.7008,924605.4662,928276.1919,928081.1401,929938.8027,930970.3275,931979.4336,932343.5778,932938.2934,935523.2523,938086.64,938901.7257,938950.7191,938525.5299,938633.3628,937560.8334,938133.3517,940714.1792,944851.7411,949370.7977,955922.3114,962598.3308,968204.1224,970482.3158,972726.5615,972378.1049,972673.0794,970706.7792,970357.5993,968557.3171,968472.0182,968247.4303,970835.5094,974204.5013,979247.3593,982625.8522,984617.0335,985351.019,986688.7374,986975.7533,987385.3751,987330.3113,987199.6547,986979.2774,986709.7115,988750.0559,992438.7569,996615.1576,997996.493,997430.2984,995517.3802,995644.9681,995702.9794,996631.41,998413.4734,1001198.768,1003701.267,1006507.995,1009465.471,1014516.137,1019706.64,1027228.324,1034806.866,1040271.342,1043751.796,1044884.295,1045834.788,1045502.367,1046843.834,1049134.414,1052140.145,1056027.414,1061630.896,1071063.121,1080819.839,1088043.17,1089384.131,1090431.774,1096283.474,1107098.299,1119298.477,1131861.574,1144824.484,1158094.102,1171744.123,1188554.395,1208763.584,1231179.178,1251935.59,1264351.599,1265346.734,1260035.38,1254794.457,1254324.22,1256442.998,1265758.817,1283508.066,1310851.341,1339319.875,1360527.199,1370836.716,1365902.559,1349902.962,1324723.244,1305448.473,1296317.993,1296049.89,1314462.076,1336145.914,1353217.98,1352134.714,1345115.426,1344807.744,1345222.417,1344948.324,1339675.74,1336140.561,1333015.002,1331548.286,1326004.015,1323323.555,1328231.768,1339690.841,1349998.365,1351093.837,1346200.456,1340405.344,1342368.844,1348251.246,1356401.486,1362424.757,1364706.306,1365794.84,1363695.168,1364792.182,1362195.832,1356803.194,1350428.661,1345838.458,1346125.804
66129,8424,20005,zip,DC,DC,Washington,"Washington-Arlington-Alexandria, DC-VA-MD-WV",District of Columbia,143708.5494,144447.1064,146039.1039,149172.1251,152940.082,155806.6045,157834.8631,159103.8796,159712.247,160200.0892,160854.7655,163116.6485,165932.7132,169028.1346,172274.3677,175841.5521,179525.6395,182817.2819,184946.7027,187463.588,191202.6924,196741.7323,203204.4775,209344.3921,214816.9653,219762.3869,223946.5645,228413.6514,232828.6405,237787.3141,241871.2025,244992.9819,247994.952,252308.7217,258081.4152,264137.7533,269249.1725,273305.6327,276921.5967,281321.3807,286200.7828,290386.8535,293262.8306,294532.0035,295178.9337,296757.9985,299350.5278,302540.229,306137.5551,309900.5301,315788.7454,322469.8362,330200.9723,336611.7116,341778.8561,345407.4242,350080.9997,357441.0874,366046.4423,372424.7215,374907.8138,377661.3298,382206.469,389350.279,396040.6436,402309.1806,408103.7991,413587.3421,418432.4298,422085.4361,425816.8205,428804.0033,431350.7517,432983.7555,435028.6767,436878.6134,437597.8667,435955.0621,432503.1993,428324.9284,424827.5256,421546.7729,419417.9073,417575.2187,416645.8207,416599.5403,417370.9366,418684.8962,420205.6541,422060.7356,424248.1655,425716.5341,426774.3435,427920.4645,429104.9867,429306.8112,429145.824,429024.3344,428817.1456,427562.9579,425750.9965,424164.4884,422772.3103,421188.8825,420678.4082,420634.6951,421135.8235,420972.4827,421930.6251,422563.1158,422217.158,420211.0897,418304.7536,417249.0292,416253.3205,415013.5274,413030.0584,409973.4491,406605.2214,405170.4028,406144.8715,407731.5509,409484.5828,412513.0114,418254.9131,423829.4857,427007.4239,427899.4818,426023.8318,422986.581,418835.3205,417305.7389,417777.4004,420274.6587,422340.9918,422992.2775,423345.222,424111.5514,424839.2791,423620.1711,422973.0993,423739.4811,425618.2435,425537.6409,424893.2438,423654.717,422288.1644,421165.2348,420793.5014,421892.8443,423619.6899,425470.6254,427818.2022,431321.7922,436397.3269,442094.3388,447051.2249,451611.1549,454868.0875,457419.7006,459664.9973,462491.617,465202.3618,467647.4615,471137.4709,475384.2945,479497.9102,482017.981,482983.3854,484699.0077,486607.5041,489354.4859,490558.4643,491241.9736,491904.2413,492739.4108,494038.5137,495328.5369,497571.2054,500175.7143,502287.3078,503349.6684,503426.0494,503302.4613,503042.9331,503638.4226,505588.5145,507248.7674,508362.3222,509114.7431,511064.8341,512444.5829,512068.9123,510667.3062,510367.8999,510955.1154,511632.2128,511746.0792,512152.5786,513285.027,513588.0015,514257.2838,515961.3669,519705.2224,522615.2621,524699.6252,525064.1658,526926.4801,527109.3344,527471.0974,527182.5503,527928.0851,529660.1083,530635.196,530830.6803,530877.9383,531981.365,533504.0027,534992.4595,535291.6665,535397.9043,534293.1221,533719.8442,533223.3684,533335.1302,533536.6836,534653.704,535501.9516,535593.8261,534454.293,533765.2663,534092.3997,534848.6753,535467.5797,536139.4858,536625.4028,536768.437,536700.4237,537320.5606,538313.7348,541178.288,544242.539,547780.0247,549726.5345,550193.4735,548698.2805,546228.864,544033.0377,543425.5076,543685.0317,543703.3978,543483.5372,542543.5352,540482.4637,537055.7148,534871.3153,534969.246,536203.7864,534711.6923,533145.502,531723.2129,532940.1917,534797.8264,536316.0327,536629.2419,537242.7557,540844.2696,544289.4803,546234.6279,544997.1816,543212.6068,540602.9166,537443.2142,534818.1266,532928.1396,531627.7375,529663.2218,527632.402,525077.7791,522935.4053,522263.8482,523980.4165,527597.9888,530844.7702,532564.5107,532861.9554,531901.9536,529968.1472,527066.1219,524707.57,523553.2027,523955.8123,523554.7149,521199.0044,518826.1494,516938.1294,517816.137,518508.3571,519223.717,519882.721,520179.2297,520790.3148,520015.0048,517971.7546,514659.2793,511007.819,509018.0369,508145.4914,507914.4786
66146,8523,20024,zip,DC,DC,Washington,"Washington-Arlington-Alexandria, DC-VA-MD-WV",District of Columbia,95927.66579,96503.94621,97106.17142,98507.96712,99652.16751,100853.9475,101765.5869,103161.4916,104837.6066,106142.8878,107256.4041,108096.0263,109192.827,109652.8616,109936.7584,110611.3369,111988.6212,113828.8298,116061.7874,118342.6484,120218.3101,121530.4508,122983.5322,124890.3501,126991.0226,129335.2838,131564.9705,133652.7701,135373.4957,136935.996,138355.6706,140004.9646,142251.029,146020.8143,150742.0069,155575.1351,159166.887,161978.5726,164446.7234,167398.7172,169706.1162,172212.9947,174833.9224,177933.8742,180625.4107,182696.8401,184464.6646,186054.6002,188044.7404,190189.3908,192354.3952,194339.4409,196527.64,199281.783,202574.0686,205718.3013,209410.7357,214378.962,219917.5616,224425.8254,226755.3763,228949.467,231279.6767,234097.2609,237227.1411,241159.1815,245893.4481,251167.0711,256456.4569,260925.4273,264452.8577,266729.8329,268950.0987,271141.7213,274222.5122,277512.9007,280021.0307,281309.4159,280777.5668,279689.437,277857.6916,276293.749,274633.795,273922.2392,274050.3739,274619.3635,275208.1182,274916.6801,274423.5479,273361.6197,272689.6058,272045.874,271211.5315,270118.6407,268859.9607,267705.6035,266788.3361,265400.4538,262213.7387,258503.1021,255692.4114,254574.2988,252910.0889,249896.6533,246551.9525,244478.4849,243417.4437,242035.4665,241954.0127,242826.3874,245998.1094,248312.7268,248871.5761,248829.3751,247806.6364,248076.289,248085.055,248165.6041,247514.5171,247462.7158,249088.822,250993.3013,251963.7134,252013.4119,253528.004,255381.5949,256558.5486,256117.9541,254335.1498,252436.668,250997.7067,250747.424,251168.1401,251532.8448,252229.7607,252170.0746,252315.0001,252173.2224,253067.4168,253142.5349,252987.2981,252706.5597,252861.2814,253114.854,253191.1391,252821.857,252051.5523,251158.9195,251165.7875,252361.1163,254291.7434,256738.635,260151.5936,263615.5313,267427.8615,270209.9778,273094.2125,275931.5406,278123.0068,279790.0641,281657.1385,284437.2116,287527.0717,290311.7214,293558.5055,297100.2173,299684.981,300902.4015,300978.917,301846.4189,303299.1776,304783.8021,307081.95,309141.9525,311810.6532,314024.145,316239.547,318207.7059,319554.9028,321304.0212,322111.3617,322834.4835,323626.0175,326043.4571,329114.8677,331666.1757,334299.2593,337296.1663,340819.6596,345380.7895,349555.1036,352869.1844,353990.2922,354593.4144,356319.8042,358502.2554,360514.3005,361885.389,362986.1152,364126.1458,365461.0293,367160.3933,370781.4781,375199.6427,379124.3665,381589.8446,382471.0767,384901.0316,386624.8337,389373.4851,391479.1998,393564.912,395248.4587,396440.5587,397660.8135,400935.4575,406279.3486,413623.7923,420941.9673,427139.7932,431509.9543,433217.3113,433474.8971,434107.3932,434697.4994,435020.7639,435433.0325,435514.5762,434977.5988,432585.7771,430975.4044,430724.2835,430665.329,430230.563,429751.0277,429838.6784,429471.8007,428575.7258,428869.3287,430137.0379,433733.4901,437646.1583,442369.6717,446098.339,448909.9499,449692.3659,450415.5493,451911.1435,455329.0937,458737.8327,460910.4533,461772.7639,461592.7748,460683.2122,460586.6548,460596.9637,461995.245,462865.1137,464060.6336,464967.7956,466251.5647,468030.3488,470008.0194,470611.0729,470027.0434,468473.4729,467903.4392,467314.3651,466698.7253,465337.3447,461479.7682,456155.4197,449933.091,446559.8155,443967.6673,441895.4997,439970.879,439911.6016,439563.1187,438631.9133,436965.1949,437831.6258,439629.7746,440870.8808,441389.4706,440143.6284,439330.5107,435831.2035,433127.6001,430258.571,429137.8822,427578.7467,425666.4029,422365.5198,419709.3093,417903.8053,418093.2737,419278.4547,419587.655,420531.5353,420544.1407,420591.1176,418397.0018,416027.748,413818.0332,411106.0151,407138.7318,401877.5152,397740.8514
66155,9297,20037,zip,DC,DC,Washington,"Washington-Arlington-Alexandria, DC-VA-MD-WV",District of Columbia,182628.7129,183488.9895,184629.7322,186899.7958,189411.0808,191875.7727,194459.8453,197427.736,200506.3597,202555.1963,204056.9623,205947.4954,208746.8152,211664.2229,214239.1169,217264.6391,221212.6286,225654.027,230493.3983,234961.9688,239557.6157,243713.4351,247342.7646,250029.5482,252423.5913,254716.0558,257280.851,260058.7041,263300.7247,267494.1931,272084.8118,277180.6186,281725.9875,286238.0071,291124.6698,296260.4392,300888.8553,305289.129,308700.2695,311961.8254,314540.9093,317554.9446,320783.8073,323960.9677,327045.1805,330506.1532,333444.0932,335621.4527,337852.8188,340226.9505,344052.7581,348302.2648,353930.4765,360127.599,366941.2377,373280.0352,380974.4776,390456.8666,399661.3932,406506.1887,410064.6398,415457.5887,422361.939,430654.418,436666.6841,441541.1512,446702.04,453531.8288,459874.5185,465012.9915,469257.2294,473439.4757,477402.2292,480329.8608,483383.6947,486037.6555,488059.8363,489252.2254,488783.6378,487711.44,485183.428,481751.6088,477661.8567,473630.0994,471050.6401,470854.5417,471906.8856,473509.0834,474380.0308,474192.2359,473729.6542,473269.4198,473558.832,474302.788,474723.1357,474949.3533,475724.3392,476404.6936,477725.6762,477343.9749,477586.127,476417.7859,474478.3405,471251.8718,468894.5527,467840.3839,467551.0783,466481.9466,468087.8178,470115.511,472577.2382,472368.6894,469859.6797,467566.6984,464580.8485,463044.6159,460995.256,458306.6864,456335.653,456661.4775,458703.5875,460293.7889,460714.9505,462179.07,466384.1197,471428.9753,473780.4184,473835.4666,471479.0797,469806.7449,467276.4406,466580.2309,466784.258,468023.8014,468686.051,468562.6281,468138.7666,468255.7763,469197.7585,468806.1073,467919.0493,467026.3352,467290.8303,467131.1037,466864.1661,466434.7664,465277.5292,462540.7544,459411.5483,457557.2355,457249.8025,458113.4494,460330.6745,463786.6612,468735.3373,474136.2919,478865.6707,482584.4561,484800.0011,486360.5004,488364.0867,490244.0427,492151.157,493147.5649,496166.1682,500196.4746,504247.4651,507803.7619,510187.1955,513536.0232,515055.9556,516647.228,516504.4749,516409.2809,516467.8084,517008.4908,517813.3452,518748.8298,520530.6164,523083.0766,524437.815,525053.0553,524432.8506,524111.5267,523551.9832,523795.9026,525262.0634,526680.4747,527904.9856,529815.765,534078.5187,538561.9198,541134.4403,541524.3102,541247.5629,541947.5009,541960.5758,542420.8871,542915.6842,543805.8771,543989.9538,544492.6258,545900.8378,549103.7905,551772.1091,554447.5198,555740.3024,557819.5099,559367.5002,560745.8367,561011.3949,560789.9063,561269.9713,561584.187,561295.7946,561004.5328,562049.0647,563970.472,566461.7191,568247.426,570630.1683,571484.2381,571919.5218,571695.0263,571891.5716,571819.5937,571946.4494,571987.6398,571900.3964,570934.1863,570520.5102,570963.9106,571621.0795,571728.2311,571785.7381,571694.9512,571434.948,570472.5342,570138.8556,569808.2752,571778.74,574193.5102,577603.0917,579869.6206,581260.365,581192.6621,580139.4001,579281.4117,580401.6609,582134.8008,583285.3938,583290.9676,582043.7944,581409.1327,581551.6172,583477.7793,586619.2115,589845.2118,592073.006,592268.0476,591514.5005,591643.7769,593787.2125,595145.5781,594532.1936,593840.5436,595809.6136,598594.6984,599299.928,596515.848,592188.2044,587360.159,582737.5043,579953.3545,577518.7611,576075.2409,574556.7859,574432.7228,573585.9814,571149.7576,568223.7876,567331.9647,569385.2577,571937.0542,573940.2427,574318.935,574311.9949,572694.1551,570675.1493,568398.5286,566873.3611,566344.1689,565915.3406,564645.0461,563988.7504,564445.2108,566875.5272,569167.3971,570251.4885,571490.0772,572543.9482,573194.3366,571398.8962,568206.93,563927.2886,560694.7839,557646.7797,555625.514,553128.3442
66154,12914,20036,zip,DC,DC,Washington,"Washington-Arlington-Alexandria, DC-VA-MD-WV",District of Columbia,105286.943,105899.4427,107042.7708,109251.0013,111686.1268,114255.7119,116802.0819,119513.977,121850.6488,123342.5471,124378.6042,125292.3031,126598.8322,128217.9646,129920.5729,132156.2674,134897.1177,138172.0997,142063.86,146060.4853,150088.21,153741.63,157015.3562,160129.9155,163072.3879,166008.2461,168670.6077,171619.6723,174574.3903,177909.6156,180831.1206,184334.8454,188587.6711,192762.0622,196826.0347,200017.8091,203479.2044,206460.152,209435.0718,212121.0904,214918.4545,217933.3219,220780.269,223389.639,225700.4327,229031.2839,232140.6263,235036.7599,237339.5616,239854.0668,242932.1692,246512.5381,250348.0214,253907.1747,257733.3771,261827.8944,267272.5025,273889.8226,280684.2138,285793.7377,288466.2635,291248.7251,294702.5183,299269.0516,303244.921,307609.2168,311717.6511,316048.4955,319066.2904,321272.642,323510.2018,325787.8172,328200.2916,329739.9808,331525.6834,332994.2776,333977.3304,333526.0495,331515.0471,329394.4953,327249.8736,324963.429,322413.9288,319800.6297,318551.5897,318463.442,319583.5779,320654.8665,321203.468,320756.5755,319872.376,319177.5713,319188.0969,320410.1861,321745.0355,323025.704,324230.1165,325391.3603,326150.34,326070.9679,326280.2401,325934.255,324250.7106,321241.2712,318204.7239,316450.9539,315354.1044,315059.2622,315567.6233,316237.1312,315699.0781,314371.8021,311541.8946,310001.5949,308393.9173,307965.4263,307402.5261,305945.8183,304402.7122,303835.8669,305227.7636,307057.5433,308510.9233,309827.307,312660.452,315642.9388,317389.9692,317276.2059,315430.8243,313709.9587,311780.8922,311352.9358,311606.6068,312876.1082,313766.4682,314138.0408,314462.4965,314562.7972,314135.8152,312532.8696,311599.8516,310876.194,310314.8641,309164.0239,308650.8941,308164.0621,307413.8611,306087.4906,304729.0033,304362.2894,305257.7918,307343.0344,309971.5965,313480.3602,316983.7556,320385.3331,322733.3297,325009.2816,326179.9354,326828.5137,327998.8973,329444.7084,330855.3759,331969.7664,334262.5202,337999.3436,341023.6042,343258.847,343665.012,344674.3777,344843.5389,345730.7472,346210.9339,346768.978,347392.9498,347783.7228,348280.385,348847.6245,349989.8096,351682.8205,352104.1606,351730.7762,351281.9305,351487.3746,351344.1053,351136.191,351235.1762,352390.3525,353848.6646,356127.3783,359161.45,361959.0117,363690.1814,364454.1592,365399.8165,366589.2601,367497.8089,367967.0957,368387.4566,368974.5128,369413.6038,369693.9813,370788.3368,372589.9548,374541.5011,376333.4749,377627.391,379565.1087,380484.0966,381717.1143,382490.9089,383566.2557,384579.2803,385048.175,385113.7921,384973.0006,385736.4362,386684.9237,387519.0262,387453.1204,386994.381,385981.4828,385564.4288,385082.7179,384881.8129,384233.2035,384563.807,385077.7549,385391.8038,384436.4775,383931.6184,383748.5824,384288.9277,384656.4949,385311.9369,385931.283,386117.2682,386055.3158,386455.4098,387023.5455,389799.8339,392834.1777,396906.9562,399148.4345,400055.6087,398414.7611,396167.4311,394624.3124,395501.3188,396639.3255,397459.097,397220.8864,396333.6789,395180.1505,394414.6966,394166.4173,394151.1005,394073.6524,393693.329,392896.8339,390587.3374,388680.8567,387416.0716,387086.9829,387003.5151,387483.911,389610.774,391038.3582,391235.806,390158.0147,388587.8981,386878.8219,384654.7526,382883.0132,381968.6685,381644.7312,381904.743,381819.4996,380580.8393,379155.0038,379617.3308,381774.8613,385284.0192,388089.0028,390503.3032,392341.4787,392959.7732,393020.0245,392327.804,391917.5287,391423.5733,390570.6124,390007.5191,388893.0643,388315.545,387405.2274,387511.9108,387670.8998,387617.2482,388180.2787,388408.9747,388535.7146,387439.1212,386506.6284,385787.4144,385160.697,384176.1251,382857.506,381635.9683
66128,18784,20004,zip,DC,DC,Washington,"Washington-Arlington-Alexandria, DC-VA-MD-WV",District of Columbia,179072.8581,180680.1621,181833.0777,183654.9721,184982.5045,186189.9675,188112.277,188936.8172,190318.7535,190886.921,192133.2915,193115.0068,194298.9745,194878.3755,195627.6162,197380.8747,201640.1789,206606.4713,212415.3315,217374.5331,222463.8932,227548.3829,233926.4591,239254.1015,244117.2919,247289.4022,250704.3739,253313.1563,255722.8323,258613.223,261444.041,265073.4307,268402.3186,272469.4602,277406.839,283035.1163,287632.2753,291084.3012,293744.8397,297206.02,300610.8897,305166.399,309269.0824,314278.0534,319755.4688,326739.7295,332807.3059,336997.2088,340060.0409,343668.2298,347652.141,351526.7702,355500.2178,360088.5542,365491.9535,370283.26,375836.0196,382315.0143,386815.7195,389301.7274,387858.9215,388441.7066,389694.1551,393290.3942,396966.5594,400655.904,404771.3637,409202.6968,412893.6457,416751.377,420852.5345,425839.5531,430370.7535,434936.8039,439430.8965,444275.287,449142.5162,455156.3986,459213.7057,461557.6132,460555.5639,456975.5121,451444.6365,446459.0035,444094.5433,443788.3126,444165.6701,444665.5764,444887.7707,444646.435,443692.0829,443306.1232,442595.6457,443411.8875,443952.5285,445094.4853,446117.7696,446720.4109,446595.5272,445363.2011,444181.1944,442733.5538,441772.8052,440094.4649,438885.3825,437551.0262,436517.1678,436551.1289,438378.9688,441436.496,442034.7006,439573.995,435251.4722,431941.0664,428831.6036,426441.3093,423221.347,420261.8303,416332.1612,414756.0128,415249.6504,417522.1152,419292.7633,421993.9618,426881.0842,431140.7765,432293.2669,430461.4814,427686.4752,426324.1746,425239.9424,426014.9208,426730.1046,429760.5138,433060.8419,435439.0008,436784.0868,438786.1934,440664.901,439903.9001,437904.5809,437207.6663,438481.5818,438905.1949,438577.643,437157.7471,435434.6724,433455.3327,431984.7277,431370.244,431420.3471,432257.3563,433904.7738,436816.0833,441378.5726,445688.3285,449138.15,451510.0605,453751.4368,455282.3916,456277.7365,457245.785,458531.6417,460321.5235,463201.4071,466016.6036,468761.359,471473.9337,473820.9512,476601.1669,478228.8769,480607.642,480961.2776,480736.2312,479921.842,480266.0425,480681.2612,480792.9609,480670.14,481287.2205,481865.9612,482564.0335,483520.5161,483897.5346,483474.9446,482372.9827,481922.7341,481205.8063,480115.749,479273.0593,478761.9063,477489.3504,475275.5166,473320.5144,472762.3743,473019.8972,472924.1453,472360.3101,471802.9164,472203.6468,472564.8656,473398.8457,474468.9217,476764.0694,478375.7654,479747.2353,479766.5398,481141.6747,481051.4921,481640.0334,482106.2791,483971.7733,486530.2818,487190.8967,486526.3523,485157.235,485224.68,485464.0051,485282.1224,483476.2199,481707.9252,479486.0806,478556.8482,477623.4776,477455.8239,476960.5355,477540.5148,477806.275,477637.6515,476042.2684,474829.3128,474505.8974,475055.2306,475221.6353,475168.0983,474553.1159,473822.1924,473071.7159,473359.2028,474086.686,476910.6095,479030.7034,480268.0451,479856.155,478394.642,476391.7459,473233.7146,471270.7694,470979.9844,471018.6216,470864.1248,470135.9699,469425.7564,467608.6475,466535.3261,466565.938,468335.1614,469348.849,470439.1977,471171.573,471589.4121,471074.0314,470515.511,470191.2614,468819.4387,468158.9166,469039.1402,471301.9938,472772.2136,472612.5267,471034.8337,468354.7216,465075.9227,462732.0847,461247.0909,459571.5247,457080.4312,454711.7495,452438.4077,449916.842,448074.9307,448333.0643,450459.2748,452501.9446,453291.4561,453372.5751,453019.8747,452401.2012,451628.4761,450373.9803,449042.1837,448154.4268,447321.5787,445587.2844,443656.394,441987.3863,441801.9088,442034.9728,442467.0275,443514.8032,444378.0262,445143.2904,444541.22,443876.7111,443010.362,442041.7971,440854.3439,439647.5016,438901.4693
